{
    "_": {
        "editor": {
            "view": {
                "view-store-zoom": false,
                "view-store-position": false,
                "view-show-grid": true,
                "view-snap-grid": true,
                "view-grid-size": 20,
                "view-node-status": true,
                "view-node-show-label": true,
                "view-show-tips": true,
                "view-show-welcome-tours": true
            },
            "tours": {
                "welcome": "3.0.2"
            }
        },
        "menu-menu-item-sidebar": true,
        "debug": {
            "filteredNodes": [
                "2a2d46bf577e39ef",
                "de029760fbcce691",
                "0d683f48575dd4fb",
                "a52da1859c97aacd",
                "15663aea84048398"
            ]
        }
    }
}